ANSI,Period,Start Year,End Year,Intercept (b0),Slope (b1),Data Points
1,1997-2001,1997,2001,,,48
1,2002-2006,2002,2006,,,48
1,2007-2011,2007,2011,13053710.2191,-67108864.0,46
1,2012-2016,2012,2016,,,46
1,2017-2021,2017,2021,39975830.0119,-44739242.6667,47
1,2022-2026,2022,2026,75717659.5745,0.0,47
3,1997-2001,1997,2001,26610437.5,0.0,48
3,2002-2006,2002,2006,2084569.18,-67108864.0,48
3,2007-2011,2007,2011,18769510.7055,-16777216.0,44
3,2012-2016,2012,2016,-43243744.1043,-67108864.0,46
3,2017-2021,2017,2021,47803666.6667,0.0,48
3,2022-2026,2022,2026,,,48
5,1997-2001,1997,2001,6618872.7898,134217728.0,47
5,2002-2006,2002,2006,1266043.1523,-89478485.3333,47
5,2007-2011,2007,2011,18306020.2764,-33554432.0,44
5,2012-2016,2012,2016,58273720.9302,0.0,43
5,2017-2021,2017,2021,34640231.0332,-33554432.0,47
5,2022-2026,2022,2026,-7740482.8028,178956970.6667,47
7,1997-2001,1997,2001,13751001.5374,40265318.4,46
7,2002-2006,2002,2006,19549978.2609,-0.0,46
7,2007-2011,2007,2011,28333500.0,0.0,46
7,2012-2016,2012,2016,23999205.9733,-26843545.6,45
7,2017-2021,2017,2021,27704103.4991,-11184810.6667,46
7,2022-2026,2022,2026,26755748.8711,22369621.3333,45
9,1997-2001,1997,2001,6637422.223,67108864.0,47
9,2002-2006,2002,2006,19958000.0,0.0,44
9,2007-2011,2007,2011,,,42
9,2012-2016,2012,2016,23100416.1183,40265318.4,46
9,2017-2021,2017,2021,-13179239.8162,-25165824.0,47
9,2022-2026,2022,2026,49137130.4348,0.0,46
11,1997-2001,1997,2001,,,46
11,2002-2006,2002,2006,23383766.4696,-100663296.0,46
11,2007-2011,2007,2011,32945935.2178,-29826161.7778,45
11,2012-2016,2012,2016,-54800946.2327,-134217728.0,44
11,2017-2021,2017,2021,33980977.3511,-50331648.0,45
11,2022-2026,2022,2026,74454306.0081,44739242.6667,46
13,1997-2001,1997,2001,,,45
13,2002-2006,2002,2006,,,45
13,2007-2011,2007,2011,46482837.2093,0.0,43
13,2012-2016,2012,2016,35083048.3856,-44739242.6667,39
13,2017-2021,2017,2021,11022049.7382,-134217728.0,44
13,2022-2026,2022,2026,,,44
15,1997-2001,1997,2001,10222492.1099,26843545.6,46
15,2002-2006,2002,2006,10629750.2748,16777216.0,46
15,2007-2011,2007,2011,16720738.8089,-16777216.0,45
15,2012-2016,2012,2016,-11247999.3244,-134217728.0,45
15,2017-2021,2017,2021,30704643.6104,-6710886.4,46
15,2022-2026,2022,2026,61557108.6957,-0.0,46
17,1997-2001,1997,2001,16456254.5018,-26843545.6,44
17,2002-2006,2002,2006,1734000.7293,-2147483648.0,43
17,2007-2011,2007,2011,81586739.6837,67108864.0,43
17,2012-2016,2012,2016,111007132.1164,67108864.0,44
17,2017-2021,2017,2021,30058288.5382,-16777216.0,44
17,2022-2026,2022,2026,44482987.5795,22369621.3333,43
19,1997-2001,1997,2001,43757511.9806,89478485.3333,44
19,2002-2006,2002,2006,,,44
19,2007-2011,2007,2011,22955491.7105,-67108864.0,42
19,2012-2016,2012,2016,144406880.9524,-0.0,42
19,2017-2021,2017,2021,-64580309.8865,-134217728.0,43
19,2022-2026,2022,2026,-8938946.9247,134217728.0,43
21,1997-2001,1997,2001,-31003154.9527,268435456.0,44
21,2002-2006,2002,2006,,,41
21,2007-2011,2007,2011,21986639.1467,-134217728.0,42
21,2012-2016,2012,2016,57224130.5228,-67108864.0,43
21,2017-2021,2017,2021,156788954.0724,134217728.0,42
21,2022-2026,2022,2026,111024837.2093,-0.0,43
23,1997-2001,1997,2001,8283842.2324,-33554432.0,42
23,2002-2006,2002,2006,19477095.2381,0.0,42
23,2007-2011,2007,2011,34021731.7073,0.0,41
23,2012-2016,2012,2016,50286650.0,0.0,40
23,2017-2021,2017,2021,-10584070.6895,-50331648.0,42
23,2022-2026,2022,2026,-62810683.9649,134217728.0,41
25,1997-2001,1997,2001,77050326.1486,1073741824.0,42
25,2002-2006,2002,2006,47085575.0,0.0,40
25,2007-2011,2007,2011,67024052.6316,0.0,38
25,2012-2016,2012,2016,49747792.88,-67108864.0,40
25,2017-2021,2017,2021,269352421.7444,536870912.0,41
25,2022-2026,2022,2026,,,40
27,1997-2001,1997,2001,-4162801.0493,134217728.0,43
27,2002-2006,2002,2006,,,41
27,2007-2011,2007,2011,29326930.8403,-22369621.3333,43
27,2012-2016,2012,2016,70151756.0976,0.0,41
27,2017-2021,2017,2021,50379429.9882,-11184810.6667,43
27,2022-2026,2022,2026,-86458303.139,268435456.0,42
29,1997-2001,1997,2001,,,40
29,2002-2006,2002,2006,73712972.973,-0.0,37
29,2007-2011,2007,2011,199828792.0082,134217728.0,39
29,2012-2016,2012,2016,,,37
29,2017-2021,2017,2021,99513275.2492,-22369621.3333,39
29,2022-2026,2022,2026,38301570.7144,178956970.6667,38
31,1997-2001,1997,2001,30984825.0,0.0,40
31,2002-2006,2002,2006,22576345.2521,-26843545.6,39
31,2007-2011,2007,2011,30375360.3453,-12582912.0,38
31,2012-2016,2012,2016,46085251.4379,-16777216.0,39
31,2017-2021,2017,2021,,,40
31,2022-2026,2022,2026,84387600.0,-0.0,40
33,1997-2001,1997,2001,,,40
33,2002-2006,2002,2006,7972275.7333,12582912.0,39
33,2007-2011,2007,2011,1882971.44,-33554432.0,40
33,2012-2016,2012,2016,24986108.6957,76695844.5714,39
33,2017-2021,2017,2021,,,40
33,2022-2026,2022,2026,,,40
35,1997-2001,1997,2001,17271918.1996,19173961.1429,39
35,2002-2006,2002,2006,,,39
35,2007-2011,2007,2011,33194948.7179,-0.0,39
35,2012-2016,2012,2016,58116736.8421,-0.0,38
35,2017-2021,2017,2021,,,39
35,2022-2026,2022,2026,46376857.152,26843545.6,38
37,1997-2001,1997,2001,6558524.7015,134217728.0,39
37,2002-2006,2002,2006,9668375.3859,67108864.0,37
37,2007-2011,2007,2011,11280959.3571,-44739242.6667,37
37,2012-2016,2012,2016,,,36
37,2017-2021,2017,2021,26942936.3958,-33554432.0,38
37,2022-2026,2022,2026,18958741.673,80530636.8,39
39,1997-2001,1997,2001,33801432.4324,-0.0,37
39,2002-2006,2002,2006,34242342.8571,-0.0,35
39,2007-2011,2007,2011,50355861.1111,0.0,36
39,2012-2016,2012,2016,63859539.245,-13421772.8,37
39,2017-2021,2017,2021,76557944.4444,0.0,36
39,2022-2026,2022,2026,94961918.9189,0.0,37
41,1997-2001,1997,2001,17494854.8817,-858993459.2,38
41,2002-2006,2002,2006,20918972.973,-0.0,37
41,2007-2011,2007,2011,,,37
41,2012-2016,2012,2016,34824886.8324,-22369621.3333,37
41,2017-2021,2017,2021,22725978.64,-44739242.6667,36
41,2022-2026,2022,2026,-85892601.133,268435456.0,37
43,1997-2001,1997,2001,7367278.0454,67108864.0,37
43,2002-2006,2002,2006,-5241860.0084,33554432.0,38
43,2007-2011,2007,2011,33235027.027,-0.0,37
43,2012-2016,2012,2016,-3343828.0421,134217728.0,38
43,2017-2021,2017,2021,23930405.6152,-13421772.8,38
43,2022-2026,2022,2026,39391404.9011,25165824.0,38
45,1997-2001,1997,2001,13814761.5289,33554432.0,36
45,2002-2006,2002,2006,18588370.7429,-22369621.3333,35
45,2007-2011,2007,2011,4179576.7005,-33554432.0,37
45,2012-2016,2012,2016,14529223.7714,-33554432.0,35
45,2017-2021,2017,2021,,,36
45,2022-2026,2022,2026,162363186.0411,-134217728.0,37
47,1997-2001,1997,2001,7215440.64,134217728.0,34
47,2002-2006,2002,2006,53209441.1765,-0.0,34
47,2007-2011,2007,2011,-17130238.1714,-134217728.0,35
47,2012-2016,2012,2016,61643729.0918,-67108864.0,34
47,2017-2021,2017,2021,107639805.5556,0.0,36
47,2022-2026,2022,2026,154668800.0,-0.0,35
49,1997-2001,1997,2001,12714699.4222,44739242.6667,36
49,2002-2006,2002,2006,5387658.0114,67108864.0,35
49,2007-2011,2007,2011,,,34
49,2012-2016,2012,2016,,,36
49,2017-2021,2017,2021,23242006.4178,-22369621.3333,36
49,2022-2026,2022,2026,29119141.6356,33554432.0,36
51,1997-2001,1997,2001,-13748428.2667,67108864.0,36
51,2002-2006,2002,2006,30903714.2857,-0.0,35
51,2007-2011,2007,2011,,,34
51,2012-2016,2012,2016,,,34
51,2017-2021,2017,2021,,,35
51,2022-2026,2022,2026,53985170.7388,33554432.0,34
53,1997-2001,1997,2001,-73251561.2424,536870912.0,34
53,2002-2006,2002,2006,,,34
53,2007-2011,2007,2011,,,34
53,2012-2016,2012,2016,48228142.72,-67108864.0,35
53,2017-2021,2017,2021,165057058.8235,-0.0,34
53,2022-2026,2022,2026,149398228.6019,89478485.3333,35
55,1997-2001,1997,2001,-5707081.4871,268435456.0,34
55,2002-2006,2002,2006,19178975.3788,33554432.0,34
55,2007-2011,2007,2011,48648514.2857,-0.0,35
55,2012-2016,2012,2016,,,32
55,2017-2021,2017,2021,,,34
55,2022-2026,2022,2026,93234242.4242,0.0,33
57,1997-2001,1997,2001,18642751.9644,22369621.3333,36
57,2002-2006,2002,2006,15614799.92,16777216.0,36
57,2007-2011,2007,2011,83859941.3689,67108864.0,36
57,2012-2016,2012,2016,27961316.7086,-134217728.0,35
57,2017-2021,2017,2021,37957053.6018,-13421772.8,36
57,2022-2026,2022,2026,50308645.3067,22369621.3333,36
59,1997-2001,1997,2001,,,34
59,2002-2006,2002,2006,,,33
59,2007-2011,2007,2011,,,33
59,2012-2016,2012,2016,,,32
59,2017-2021,2017,2021,-14021211.68,-67108864.0,34
59,2022-2026,2022,2026,,,33
61,1997-2001,1997,2001,2797429.44,67108864.0,34
61,2002-2006,2002,2006,-9037841.7412,-67108864.0,34
61,2007-2011,2007,2011,,,33
61,2012-2016,2012,2016,,,33
61,2017-2021,2017,2021,41117742.8571,-0.0,35
61,2022-2026,2022,2026,60621588.2353,0.0,34
63,1997-2001,1997,2001,,,34
63,2002-2006,2002,2006,,,33
63,2007-2011,2007,2011,,,31
63,2012-2016,2012,2016,35912277.9294,-89478485.3333,34
63,2017-2021,2017,2021,21181641.7318,-33554432.0,34
63,2022-2026,2022,2026,34609898.7482,33554432.0,34
65,1997-2001,1997,2001,,,33
65,2002-2006,2002,2006,39547787.8788,-0.0,33
65,2007-2011,2007,2011,47441681.137,-19173961.1429,31
65,2012-2016,2012,2016,,,32
65,2017-2021,2017,2021,,,32
65,2022-2026,2022,2026,,,32
67,1997-2001,1997,2001,20227913.3176,33554432.0,34
67,2002-2006,2002,2006,-71069832.6965,-201326592.0,34
67,2007-2011,2007,2011,29077833.1106,-33554432.0,34
67,2012-2016,2012,2016,,,34
67,2017-2021,2017,2021,,,33
67,2022-2026,2022,2026,,,33
69,1997-2001,1997,2001,-19389858.7388,67108864.0,34
69,2002-2006,2002,2006,35066454.5455,-0.0,33
69,2007-2011,2007,2011,,,32
69,2012-2016,2012,2016,,,33
69,2017-2021,2017,2021,62852000.0,0.0,33
69,2022-2026,2022,2026,100752878.7879,-0.0,33
71,1997-2001,1997,2001,,,32
71,2002-2006,2002,2006,4446974.5961,33554432.0,31
71,2007-2011,2007,2011,,,32
71,2012-2016,2012,2016,,,32
71,2017-2021,2017,2021,,,33
71,2022-2026,2022,2026,,,33
73,1997-2001,1997,2001,-21164080.6594,134217728.0,33
73,2002-2006,2002,2006,,,32
73,2007-2011,2007,2011,,,32
73,2012-2016,2012,2016,,,32
73,2017-2021,2017,2021,,,33
73,2022-2026,2022,2026,,,33
75,1997-2001,1997,2001,,,33
75,2002-2006,2002,2006,16382610.2297,16777216.0,31
75,2007-2011,2007,2011,51824387.0968,-0.0,31
75,2012-2016,2012,2016,153040056.7123,1073741824.0,31
75,2017-2021,2017,2021,36207522.9832,-25165824.0,31
75,2022-2026,2022,2026,,,31
77,1997-2001,1997,2001,,,33
77,2002-2006,2002,2006,,,32
77,2007-2011,2007,2011,51859472.6194,-67108864.0,31
77,2012-2016,2012,2016,150547878.7879,-0.0,33
77,2017-2021,2017,2021,,,32
77,2022-2026,2022,2026,10951400.5333,134217728.0,33
79,1997-2001,1997,2001,24812409.3462,33554432.0,29
79,2002-2006,2002,2006,,,30
79,2007-2011,2007,2011,50270966.6667,-0.0,30
79,2012-2016,2012,2016,149045250.2606,-134217728.0,31
79,2017-2021,2017,2021,-22936724.0465,-100663296.0,31
79,2022-2026,2022,2026,,,32
81,1997-2001,1997,2001,27740912.1961,-67108864.0,31
81,2002-2006,2002,2006,12679920.32,-67108864.0,30
81,2007-2011,2007,2011,31720566.56,-44739242.6667,30
81,2012-2016,2012,2016,31546552.1218,-53687091.2,31
81,2017-2021,2017,2021,23934724.5178,-44739242.6667,31
81,2022-2026,2022,2026,165837249.6533,-67108864.0,30
83,1997-2001,1997,2001,33053308.5419,33554432.0,31
83,2002-2006,2002,2006,9468677.5329,33554432.0,31
83,2007-2011,2007,2011,77159838.7097,-0.0,31
83,2012-2016,2012,2016,,,31
83,2017-2021,2017,2021,96251792.1342,-16777216.0,31
83,2022-2026,2022,2026,-26677623.7006,134217728.0,31
85,1997-2001,1997,2001,22112065.4637,13421772.8,31
85,2002-2006,2002,2006,24481052.8723,33554432.0,31
85,2007-2011,2007,2011,43287064.5161,0.0,31
85,2012-2016,2012,2016,30270547.0835,-38347922.2857,31
85,2017-2021,2017,2021,42703165.2095,-22369621.3333,31
85,2022-2026,2022,2026,,,32
87,1997-2001,1997,2001,11950431.7333,44739242.6667,30
87,2002-2006,2002,2006,13042098.4465,-178956970.6667,31
87,2007-2011,2007,2011,31502937.0667,-16777216.0,30
87,2012-2016,2012,2016,,,32
87,2017-2021,2017,2021,,,32
87,2022-2026,2022,2026,50684241.7789,22369621.3333,31
89,1997-2001,1997,2001,-3852226.8077,50331648.0,31
89,2002-2006,2002,2006,23316800.0,0.0,30
89,2007-2011,2007,2011,26546989.6276,-16777216.0,29
89,2012-2016,2012,2016,,,30
89,2017-2021,2017,2021,,,31
89,2022-2026,2022,2026,33623864.0619,33554432.0,31
91,1997-2001,1997,2001,,,31
91,2002-2006,2002,2006,23195862.069,0.0,29
91,2007-2011,2007,2011,28972253.0097,-16777216.0,29
91,2012-2016,2012,2016,9424163.1048,-89478485.3333,28
91,2017-2021,2017,2021,53449931.0345,-0.0,29
91,2022-2026,2022,2026,64887421.1386,26843545.6,31
93,1997-2001,1997,2001,295627.0234,67108864.0,29
93,2002-2006,2002,2006,-7626408.5333,33554432.0,30
93,2007-2011,2007,2011,13955677.8667,-67108864.0,30
93,2012-2016,2012,2016,,,30
93,2017-2021,2017,2021,62162366.6667,-0.0,30
93,2022-2026,2022,2026,39006486.08,33554432.0,30
95,1997-2001,1997,2001,,,30
95,2002-2006,2002,2006,14954704.7724,25165824.0,29
95,2007-2011,2007,2011,,,29
95,2012-2016,2012,2016,,,28
95,2017-2021,2017,2021,61442250.0,-0.0,28
95,2022-2026,2022,2026,,,25
97,1997-2001,1997,2001,,,30
97,2002-2006,2002,2006,24849737.0372,-33554432.0,29
97,2007-2011,2007,2011,17606944.7724,-33554432.0,29
97,2012-2016,2012,2016,21303114.4823,-40265318.4,28
97,2017-2021,2017,2021,48246499.8933,-178956970.6667,30
97,2022-2026,2022,2026,64349077.6276,33554432.0,29
99,1997-2001,1997,2001,,,30
99,2002-2006,2002,2006,,,30
99,2007-2011,2007,2011,64182016.9048,-67108864.0,29
99,2012-2016,2012,2016,5670032.5333,-134217728.0,30
99,2017-2021,2017,2021,97096887.6267,-178956970.6667,30
99,2022-2026,2022,2026,94198726.72,134217728.0,30
101,1997-2001,1997,2001,10502685.172,38347922.2857,29
101,2002-2006,2002,2006,,,30
101,2007-2011,2007,2011,29955370.4166,-33554432.0,29
101,2012-2016,2012,2016,,,30
101,2017-2021,2017,2021,41919146.3834,-33554432.0,29
101,2022-2026,2022,2026,35420234.1628,67108864.0,29
103,1997-2001,1997,2001,16864409.3462,33554432.0,29
103,2002-2006,2002,2006,-7684399.04,33554432.0,30
103,2007-2011,2007,2011,,,30
103,2012-2016,2012,2016,1466922.4,134217728.0,30
103,2017-2021,2017,2021,54865689.6552,0.0,29
103,2022-2026,2022,2026,84670275.8621,-0.0,29
105,1997-2001,1997,2001,7649701.8171,134217728.0,28
105,2002-2006,2002,2006,-4890768.0571,67108864.0,28
105,2007-2011,2007,2011,25209857.1543,-33554432.0,28
105,2012-2016,2012,2016,68830034.4828,0.0,29
105,2017-2021,2017,2021,61450259.2593,-0.0,27
105,2022-2026,2022,2026,31319398.3264,89478485.3333,29
107,1997-2001,1997,2001,50361641.4124,134217728.0,29
107,2002-2006,2002,2006,43694528.2317,44739242.6667,29
107,2007-2011,2007,2011,-13268630.6759,-268435456.0,29
107,2012-2016,2012,2016,134717034.4828,0.0,29
107,2017-2021,2017,2021,14382665.909,-134217728.0,29
107,2022-2026,2022,2026,151475389.0207,33554432.0,29
109,1997-2001,1997,2001,1095395.1669,268435456.0,29
109,2002-2006,2002,2006,-2760649.0483,-268435456.0,29
109,2007-2011,2007,2011,25430526.7134,-13421772.8,29
109,2012-2016,2012,2016,63406068.9655,0.0,29
109,2017-2021,2017,2021,19796727.2975,-44739242.6667,29
109,2022-2026,2022,2026,83141464.2857,0.0,28
111,1997-2001,1997,2001,131995805.7363,-1073741824.0,27
111,2002-2006,2002,2006,29977036.16,536870912.0,27
111,2007-2011,2007,2011,68224092.7644,-44739242.6667,27
111,2012-2016,2012,2016,72786887.5733,-53687091.2,27
111,2017-2021,2017,2021,117933000.0,0.0,27
111,2022-2026,2022,2026,,,27
113,1997-2001,1997,2001,38400846.1538,-0.0,26
113,2002-2006,2002,2006,23698717.6492,-16777216.0,26
113,2007-2011,2007,2011,,,25
113,2012-2016,2012,2016,,,25
113,2017-2021,2017,2021,,,25
113,2022-2026,2022,2026,,,26
115,1997-2001,1997,2001,10583561.363,44739242.6667,27
115,2002-2006,2002,2006,10329982.5067,16777216.0,27
115,2007-2011,2007,2011,73033490.5846,67108864.0,26
115,2012-2016,2012,2016,54782925.9259,0.0,27
115,2017-2021,2017,2021,,,26
115,2022-2026,2022,2026,32387182.3631,33554432.0,26
117,1997-2001,1997,2001,,,26
117,2002-2006,2002,2006,16010990.8923,8388608.0,26
117,2007-2011,2007,2011,38559961.5385,-0.0,26
117,2012-2016,2012,2016,58163720.0,-0.0,25
117,2017-2021,2017,2021,30229486.24,-16777216.0,26
117,2022-2026,2022,2026,34512706.56,33554432.0,26
119,1997-2001,1997,2001,,,26
119,2002-2006,2002,2006,10489839.6554,16777216.0,26
119,2007-2011,2007,2011,14549471.9304,-33554432.0,23
119,2012-2016,2012,2016,45745323.9652,-89478485.3333,23
119,2017-2021,2017,2021,55130583.3333,-0.0,24
119,2022-2026,2022,2026,,,24
121,1997-2001,1997,2001,,,25
121,2002-2006,2002,2006,,,25
121,2007-2011,2007,2011,,,26
121,2012-2016,2012,2016,22944909.3169,-33554432.0,26
121,2017-2021,2017,2021,,,26
121,2022-2026,2022,2026,,,26
123,1997-2001,1997,2001,-10627003.84,-536870912.0,25
123,2002-2006,2002,2006,,,25
123,2007-2011,2007,2011,11899037.1478,-33554432.0,23
123,2012-2016,2012,2016,,,25
123,2017-2021,2017,2021,34425411.84,-16777216.0,25
123,2022-2026,2022,2026,,,24
125,1997-2001,1997,2001,,,25
125,2002-2006,2002,2006,,,25
125,2007-2011,2007,2011,,,23
125,2012-2016,2012,2016,,,25
125,2017-2021,2017,2021,47052600.0,-0.0,25
125,2022-2026,2022,2026,,,25
127,1997-2001,1997,2001,28962291.6667,0.0,24
127,2002-2006,2002,2006,25358458.3333,-0.0,24
127,2007-2011,2007,2011,20234989.9437,-40265318.4,23
127,2012-2016,2012,2016,-44574617.1826,-268435456.0,23
127,2017-2021,2017,2021,,,24
127,2022-2026,2022,2026,,,24
129,1997-2001,1997,2001,25543150.0,-0.0,20
129,2002-2006,2002,2006,10887023.5276,67108864.0,21
129,2007-2011,2007,2011,366079.3455,-67108864.0,22
129,2012-2016,2012,2016,3102347.7029,-100663296.0,21
129,2017-2021,2017,2021,34251966.4457,-67108864.0,21
129,2022-2026,2022,2026,20281172.3782,67108864.0,22
131,1997-2001,1997,2001,,,22
131,2002-2006,2002,2006,21634545.4545,0.0,22
131,2007-2011,2007,2011,4304824.8,-67108864.0,20
131,2012-2016,2012,2016,-8293539.8737,-67108864.0,19
131,2017-2021,2017,2021,53833409.0909,-0.0,22
131,2022-2026,2022,2026,39873910.6735,80530636.8,22
133,1997-2001,1997,2001,19282423.9848,44739242.6667,21
133,2002-2006,2002,2006,14427390.1714,8388608.0,21
133,2007-2011,2007,2011,18374823.5886,-67108864.0,21
133,2012-2016,2012,2016,45342475.6752,89478485.3333,22
133,2017-2021,2017,2021,30776066.0571,-16777216.0,21
133,2022-2026,2022,2026,,,22
135,1997-2001,1997,2001,-6536004.72,536870912.0,20
135,2002-2006,2002,2006,21688200.0,0.0,20
135,2007-2011,2007,2011,-16201941.2,134217728.0,20
135,2012-2016,2012,2016,-96762637.2,134217728.0,20
135,2017-2021,2017,2021,-7057309.44,536870912.0,20
135,2022-2026,2022,2026,34826327.04,134217728.0,20
137,1997-2001,1997,2001,14609181.76,134217728.0,20
137,2002-2006,2002,2006,19236123.84,-16777216.0,20
137,2007-2011,2007,2011,20385406.72,33554432.0,20
137,2012-2016,2012,2016,-45904149.1537,134217728.0,19
137,2017-2021,2017,2021,37567472.64,-107374182.4,20
137,2022-2026,2022,2026,27725720.16,201326592.0,20
139,1997-2001,1997,2001,13635430.8211,33554432.0,19
139,2002-2006,2002,2006,10383059.6379,16777216.0,19
139,2007-2011,2007,2011,29905154.2793,-44739242.6667,19
139,2012-2016,2012,2016,,,19
139,2017-2021,2017,2021,68053789.4737,-0.0,19
139,2022-2026,2022,2026,-9712129.7684,2147483648.0,19
141,1997-2001,1997,2001,10993110.8884,134217728.0,19
141,2002-2006,2002,2006,28105421.0526,-0.0,19
141,2007-2011,2007,2011,-4604249.0947,268435456.0,19
141,2012-2016,2012,2016,55291791.2017,26843545.6,19
141,2017-2021,2017,2021,,,19
141,2022-2026,2022,2026,10557390.9221,4294967296.0,19
143,1997-2001,1997,2001,8786598.5956,67108864.0,18
143,2002-2006,2002,2006,,,18
143,2007-2011,2007,2011,,,17
143,2012-2016,2012,2016,77779588.2353,-0.0,17
143,2017-2021,2017,2021,,,17
143,2022-2026,2022,2026,93089333.3333,0.0,15
145,1997-2001,1997,2001,11801438.8089,134217728.0,18
145,2002-2006,2002,2006,23775500.0,-0.0,18
145,2007-2011,2007,2011,-20932123.04,-134217728.0,18
145,2012-2016,2012,2016,,,18
145,2017-2021,2017,2021,55912666.6667,-0.0,18
145,2022-2026,2022,2026,,,16
147,1997-2001,1997,2001,25145720.1244,-1431655765.3333,18
147,2002-2006,2002,2006,,,17
147,2007-2011,2007,2011,35935696.6044,-67108864.0,18
147,2012-2016,2012,2016,,,17
147,2017-2021,2017,2021,79271058.8235,0.0,17
147,2022-2026,2022,2026,,,17
149,1997-2001,1997,2001,17699918.6311,11184810.6667,18
149,2002-2006,2002,2006,,,18
149,2007-2011,2007,2011,13976511.2,67108864.0,18
149,2012-2016,2012,2016,14748255.2356,134217728.0,18
149,2017-2021,2017,2021,62434222.2222,-0.0,18
149,2022-2026,2022,2026,37662144.1244,-134217728.0,18
151,1997-2001,1997,2001,17762008.96,-89478485.3333,15
151,2002-2006,2002,2006,,,16
151,2007-2011,2007,2011,,,16
151,2012-2016,2012,2016,,,16
151,2017-2021,2017,2021,-41599761.1733,-67108864.0,15
151,2022-2026,2022,2026,,,15
153,1997-2001,1997,2001,,,17
153,2002-2006,2002,2006,,,16
153,2007-2011,2007,2011,15415981.0133,-8388608.0,15
153,2012-2016,2012,2016,,,16
153,2017-2021,2017,2021,,,16
153,2022-2026,2022,2026,,,16
155,1997-2001,1997,2001,,,16
155,2002-2006,2002,2006,,,16
155,2007-2011,2007,2011,,,16
155,2012-2016,2012,2016,,,15
155,2017-2021,2017,2021,-19383961.1733,-268435456.0,15
155,2022-2026,2022,2026,,,16
157,1997-2001,1997,2001,,,16
157,2002-2006,2002,2006,19211871.1467,-44739242.6667,15
157,2007-2011,2007,2011,,,16
157,2012-2016,2012,2016,,,16
157,2017-2021,2017,2021,,,16
157,2022-2026,2022,2026,,,16
159,1997-2001,1997,2001,,,16
159,2002-2006,2002,2006,,,16
159,2007-2011,2007,2011,,,16
159,2012-2016,2012,2016,42224964.2667,-16777216.0,15
159,2017-2021,2017,2021,,,16
159,2022-2026,2022,2026,,,16
161,1997-2001,1997,2001,,,16
161,2002-2006,2002,2006,,,16
161,2007-2011,2007,2011,13377070.5067,-16777216.0,15
161,2012-2016,2012,2016,32649150.4,-16777216.0,15
161,2017-2021,2017,2021,,,16
161,2022-2026,2022,2026,,,16
163,1997-2001,1997,2001,,,16
163,2002-2006,2002,2006,,,16
163,2007-2011,2007,2011,,,16
163,2012-2016,2012,2016,,,16
163,2017-2021,2017,2021,,,16
163,2022-2026,2022,2026,,,16
165,1997-2001,1997,2001,,,14
165,2002-2006,2002,2006,26814333.3333,0.0,15
165,2007-2011,2007,2011,18500343.7867,-25165824.0,15
165,2012-2016,2012,2016,-65765462.08,-67108864.0,15
165,2017-2021,2017,2021,-2428532.16,-134217728.0,15
165,2022-2026,2022,2026,35277907.3067,134217728.0,15
167,1997-2001,1997,2001,,,14
167,2002-2006,2002,2006,,,14
167,2007-2011,2007,2011,43732110.5905,-11184810.6667,14
167,2012-2016,2012,2016,89196928.5714,-0.0,14
167,2017-2021,2017,2021,51345528.4114,-33554432.0,14
167,2022-2026,2022,2026,,,14
169,1997-2001,1997,2001,13616764.2057,-67108864.0,14
169,2002-2006,2002,2006,13112154.0495,-89478485.3333,14
169,2007-2011,2007,2011,40779928.5714,0.0,14
169,2012-2016,2012,2016,46575070.5752,-11184810.6667,14
169,2017-2021,2017,2021,73376241.6,16777216.0,14
169,2022-2026,2022,2026,,,14
171,1997-2001,1997,2001,15525973.3257,-33554432.0,14
171,2002-2006,2002,2006,24590272.7273,-0.0,11
171,2007-2011,2007,2011,,,13
171,2012-2016,2012,2016,30859650.2203,-26843545.6,13
171,2017-2021,2017,2021,,,13
171,2022-2026,2022,2026,87150769.2308,-0.0,13
173,1997-2001,1997,2001,25548044.7543,67108864.0,14
173,2002-2006,2002,2006,,,13
173,2007-2011,2007,2011,666021.9657,-33554432.0,14
173,2012-2016,2012,2016,30610006.9029,-50331648.0,14
173,2017-2021,2017,2021,,,14
173,2022-2026,2022,2026,61208395.8857,38347922.2857,14
175,1997-2001,1997,2001,,,13
175,2002-2006,2002,2006,-9851166.8431,-33554432.0,13
175,2007-2011,2007,2011,21546202.7225,-10066329.6,13
175,2012-2016,2012,2016,-54726590.4492,-67108864.0,13
175,2017-2021,2017,2021,30127843.3477,-16777216.0,13
175,2022-2026,2022,2026,,,13
177,1997-2001,1997,2001,19226998.4267,268435456.0,12
177,2002-2006,2002,2006,-19973382.08,-134217728.0,12
177,2007-2011,2007,2011,45346545.4545,-0.0,11
177,2012-2016,2012,2016,,,10
177,2017-2021,2017,2021,62133363.6364,0.0,11
177,2022-2026,2022,2026,37208699.68,134217728.0,10
179,1997-2001,1997,2001,,,12
179,2002-2006,2002,2006,14050648.24,-8388608.0,12
179,2007-2011,2007,2011,,,12
179,2012-2016,2012,2016,70174333.3333,-0.0,12
179,2017-2021,2017,2021,44992957.4497,89478485.3333,11
179,2022-2026,2022,2026,71695264.64,33554432.0,12
181,1997-2001,1997,2001,12148831.76,67108864.0,12
181,2002-2006,2002,2006,12202180.257,-11184810.6667,11
181,2007-2011,2007,2011,39665727.2727,-0.0,11
181,2012-2016,2012,2016,,,12
181,2017-2021,2017,2021,35935018.9673,-8388608.0,11
181,2022-2026,2022,2026,37950963.4036,-4294967296.0,11
183,1997-2001,1997,2001,37214090.9091,-0.0,11
183,2002-2006,2002,2006,10250028.8582,-16777216.0,11
183,2007-2011,2007,2011,2960804.2764,-33554432.0,11
183,2012-2016,2012,2016,53765583.3891,-16777216.0,11
183,2017-2021,2017,2021,,,11
183,2022-2026,2022,2026,74562810.3758,44739242.6667,11
185,1997-2001,1997,2001,23783727.2727,0.0,11
185,2002-2006,2002,2006,9850493.12,-22369621.3333,11
185,2007-2011,2007,2011,23646968.4073,-8388608.0,11
185,2012-2016,2012,2016,30468775.6315,-22369621.3333,11
185,2017-2021,2017,2021,20691081.6873,-134217728.0,11
185,2022-2026,2022,2026,40251646.4291,33554432.0,11
187,1997-2001,1997,2001,33775500.0,0.0,10
187,2002-2006,2002,2006,17011630.9867,-22369621.3333,10
187,2007-2011,2007,2011,47955200.0,0.0,10
187,2012-2016,2012,2016,14518399.68,-536870912.0,10
187,2017-2021,2017,2021,30219099.84,-16777216.0,10
187,2022-2026,2022,2026,81590500.0,0.0,10
189,1997-2001,1997,2001,,,8
189,2002-2006,2002,2006,,,8
189,2007-2011,2007,2011,72362000.0,0.0,7
189,2012-2016,2012,2016,,,8
189,2017-2021,2017,2021,,,8
189,2022-2026,2022,2026,,,7
191,1997-2001,1997,2001,,,8
191,2002-2006,2002,2006,15374243.3371,-16777216.0,7
191,2007-2011,2007,2011,,,8
191,2012-2016,2012,2016,,,8
191,2017-2021,2017,2021,52257636.8457,-44739242.6667,7
191,2022-2026,2022,2026,9808309.8514,268435456.0,7
193,1997-2001,1997,2001,,,8
193,2002-2006,2002,2006,,,8
193,2007-2011,2007,2011,,,8
193,2012-2016,2012,2016,,,8
193,2017-2021,2017,2021,,,7
193,2022-2026,2022,2026,,,7
195,1997-2001,1997,2001,,,9
195,2002-2006,2002,2006,,,9
195,2007-2011,2007,2011,,,9
195,2012-2016,2012,2016,,,8
195,2017-2021,2017,2021,58132956.2667,-16777216.0,9
195,2022-2026,2022,2026,128916888.8889,-0.0,9
197,1997-2001,1997,2001,,,9
197,2002-2006,2002,2006,22654555.5556,-0.0,9
197,2007-2011,2007,2011,4854922.56,-33554432.0,9
197,2012-2016,2012,2016,56571333.3333,0.0,9
197,2017-2021,2017,2021,11764634.1689,-33554432.0,9
197,2022-2026,2022,2026,,,9
199,1997-2001,1997,2001,10864142.8571,-0.0,7
199,2002-2006,2002,2006,,,7
199,2007-2011,2007,2011,5286124.2514,-8388608.0,7
199,2012-2016,2012,2016,,,8
199,2017-2021,2017,2021,,,8
199,2022-2026,2022,2026,,,8
201,1997-2001,1997,2001,35822000.0,0.0,6
201,2002-2006,2002,2006,,,6
201,2007-2011,2007,2011,5603360.7467,-33554432.0,6
201,2012-2016,2012,2016,,,6
201,2017-2021,2017,2021,58806666.6667,0.0,6
201,2022-2026,2022,2026,,,6
203,1997-2001,1997,2001,10771761.28,-67108864.0,5
203,2002-2006,2002,2006,,,4
203,2007-2011,2007,2011,,,4
203,2012-2016,2012,2016,,,4
203,2017-2021,2017,2021,18861499.84,67108864.0,5
203,2022-2026,2022,2026,,,5
205,1997-2001,1997,2001,36872600.0,0.0,5
205,2002-2006,2002,2006,33865600.0,0.0,5
205,2007-2011,2007,2011,,,5
205,2012-2016,2012,2016,,,5
205,2017-2021,2017,2021,23830954.24,268435456.0,5
205,2022-2026,2022,2026,124730600.0,0.0,5
207,1997-2001,1997,2001,34965000.0,0.0,5
207,2002-2006,2002,2006,,,5
207,2007-2011,2007,2011,46030600.0,-0.0,5
207,2012-2016,2012,2016,,,5
207,2017-2021,2017,2021,,,5
207,2022-2026,2022,2026,,,4
209,1997-2001,1997,2001,,,5
209,2002-2006,2002,2006,,,5
209,2007-2011,2007,2011,,,4
209,2012-2016,2012,2016,-5733544.96,-8388608.0,5
209,2017-2021,2017,2021,,,5
209,2022-2026,2022,2026,14931800.0,-0.0,5
211,1997-2001,1997,2001,,,4
211,2002-2006,2002,2006,,,3
211,2007-2011,2007,2011,,,4
211,2012-2016,2012,2016,,,4
211,2017-2021,2017,2021,,,4
211,2022-2026,2022,2026,,,4
213,1997-2001,1997,2001,,,4
213,2002-2006,2002,2006,,,4
213,2007-2011,2007,2011,,,4
213,2012-2016,2012,2016,,,4
213,2017-2021,2017,2021,,,4
213,2022-2026,2022,2026,,,4
215,1997-2001,1997,2001,,,4
215,2002-2006,2002,2006,,,4
215,2007-2011,2007,2011,,,4
215,2012-2016,2012,2016,,,4
215,2017-2021,2017,2021,,,4
215,2022-2026,2022,2026,,,4
217,1997-2001,1997,2001,,,4
217,2002-2006,2002,2006,,,4
217,2007-2011,2007,2011,,,4
217,2012-2016,2012,2016,,,3
217,2017-2021,2017,2021,,,4
217,2022-2026,2022,2026,,,4
219,1997-2001,1997,2001,,,4
219,2002-2006,2002,2006,4324771.52,-33554432.0,3
219,2007-2011,2007,2011,,,4
219,2012-2016,2012,2016,,,4
219,2017-2021,2017,2021,,,4
219,2022-2026,2022,2026,,,4
221,1997-2001,1997,2001,,,4
221,2002-2006,2002,2006,,,4
221,2007-2011,2007,2011,,,4
221,2012-2016,2012,2016,,,4
221,2017-2021,2017,2021,,,4
221,2022-2026,2022,2026,,,4
223,1997-2001,1997,2001,,,4
223,2002-2006,2002,2006,,,4
223,2007-2011,2007,2011,,,4
223,2012-2016,2012,2016,,,4
223,2017-2021,2017,2021,,,4
223,2022-2026,2022,2026,,,4
225,1997-2001,1997,2001,,,4
225,2002-2006,2002,2006,,,4
225,2007-2011,2007,2011,,,4
225,2012-2016,2012,2016,,,4
225,2017-2021,2017,2021,,,4
225,2022-2026,2022,2026,,,4
227,1997-2001,1997,2001,,,4
227,2002-2006,2002,2006,,,4
227,2007-2011,2007,2011,,,4
227,2012-2016,2012,2016,,,4
227,2017-2021,2017,2021,,,4
227,2022-2026,2022,2026,,,4
229,1997-2001,1997,2001,,,4
229,2002-2006,2002,2006,,,4
229,2007-2011,2007,2011,,,4
229,2012-2016,2012,2016,,,4
229,2017-2021,2017,2021,,,4
229,2022-2026,2022,2026,,,4
231,1997-2001,1997,2001,,,3
231,2002-2006,2002,2006,6762000.0,0.0,3
231,2007-2011,2007,2011,10655333.3333,-0.0,3
231,2012-2016,2012,2016,,,3
231,2017-2021,2017,2021,,,3
231,2022-2026,2022,2026,20750666.6667,0.0,3
233,1997-2001,1997,2001,,,3
233,2002-2006,2002,2006,8015000.0,0.0,3
233,2007-2011,2007,2011,,,3
233,2012-2016,2012,2016,26497666.6667,0.0,3
233,2017-2021,2017,2021,30502666.6667,-0.0,3
233,2022-2026,2022,2026,58512666.6667,0.0,3
235,1997-2001,1997,2001,,,3
235,2002-2006,2002,2006,3758666.6667,0.0,3
235,2007-2011,2007,2011,6171666.6667,-0.0,3
235,2012-2016,2012,2016,17288333.3333,0.0,3
235,2017-2021,2017,2021,7235333.3333,0.0,3
235,2022-2026,2022,2026,,,3
237,1997-2001,1997,2001,1537000.0,0.0,3
237,2002-2006,2002,2006,,,3
237,2007-2011,2007,2011,,,3
237,2012-2016,2012,2016,,,3
237,2017-2021,2017,2021,3066666.6667,-0.0,3
237,2022-2026,2022,2026,2052000.0,0.0,3
239,1997-2001,1997,2001,8312737.8133,67108864.0,3
239,2002-2006,2002,2006,,,2
239,2007-2011,2007,2011,,,2
239,2012-2016,2012,2016,,,2
239,2017-2021,2017,2021,,,2
239,2022-2026,2022,2026,,,2
241,1997-2001,1997,2001,,,2
241,2002-2006,2002,2006,,,2
241,2007-2011,2007,2011,,,2
241,2012-2016,2012,2016,,,2
241,2022-2026,2022,2026,,,2
243,1997-2001,1997,2001,,,2
243,2002-2006,2002,2006,,,2
243,2007-2011,2007,2011,,,2
245,1997-2001,1997,2001,,,2
245,2002-2006,2002,2006,,,2
245,2007-2011,2007,2011,,,2
245,2012-2016,2012,2016,,,2
245,2017-2021,2017,2021,,,2
245,2022-2026,2022,2026,,,2
247,1997-2001,1997,2001,,,2
247,2002-2006,2002,2006,,,2
247,2017-2021,2017,2021,,,2
247,2022-2026,2022,2026,,,2
249,1997-2001,1997,2001,,,2
249,2002-2006,2002,2006,,,2
249,2007-2011,2007,2011,,,2
249,2012-2016,2012,2016,,,2
249,2017-2021,2017,2021,,,2
251,1997-2001,1997,2001,,,2
251,2002-2006,2002,2006,,,2
251,2007-2011,2007,2011,,,2
251,2012-2016,2012,2016,,,2
251,2017-2021,2017,2021,,,2
251,2022-2026,2022,2026,,,2
253,1997-2001,1997,2001,,,2
253,2002-2006,2002,2006,,,2
253,2007-2011,2007,2011,,,2
253,2012-2016,2012,2016,,,2
253,2017-2021,2017,2021,,,2
253,2022-2026,2022,2026,,,2
255,1997-2001,1997,2001,,,2
255,2002-2006,2002,2006,,,2
255,2007-2011,2007,2011,,,2
255,2012-2016,2012,2016,,,2
255,2017-2021,2017,2021,,,2
255,2022-2026,2022,2026,,,2
257,1997-2001,1997,2001,,,2
257,2002-2006,2002,2006,,,2
257,2007-2011,2007,2011,,,2
257,2012-2016,2012,2016,,,2
257,2017-2021,2017,2021,,,2
257,2022-2026,2022,2026,,,2
259,1997-2001,1997,2001,,,2
259,2002-2006,2002,2006,,,2
259,2007-2011,2007,2011,,,2
259,2012-2016,2012,2016,,,2
259,2017-2021,2017,2021,,,2
259,2022-2026,2022,2026,,,2
263,1997-2001,1997,2001,,,2
263,2002-2006,2002,2006,,,2
263,2007-2011,2007,2011,,,2
263,2017-2021,2017,2021,,,2
263,2022-2026,2022,2026,,,2
265,1997-2001,1997,2001,,,2
265,2002-2006,2002,2006,,,2
265,2007-2011,2007,2011,,,2
265,2012-2016,2012,2016,,,2
265,2017-2021,2017,2021,,,2
265,2022-2026,2022,2026,,,2
267,1997-2001,1997,2001,,,2
267,2002-2006,2002,2006,,,2
267,2007-2011,2007,2011,,,2
267,2017-2021,2017,2021,,,2
267,2022-2026,2022,2026,,,2
269,1997-2001,1997,2001,,,2
269,2002-2006,2002,2006,,,2
269,2007-2011,2007,2011,,,2
269,2017-2021,2017,2021,,,2
269,2022-2026,2022,2026,,,2
271,2002-2006,2002,2006,,,2
271,2007-2011,2007,2011,,,2
271,2012-2016,2012,2016,,,2
271,2017-2021,2017,2021,,,2
271,2022-2026,2022,2026,,,2
273,2002-2006,2002,2006,,,2
273,2007-2011,2007,2011,,,2
273,2017-2021,2017,2021,,,2
273,2022-2026,2022,2026,,,2
275,1997-2001,1997,2001,,,2
275,2002-2006,2002,2006,,,2
275,2007-2011,2007,2011,,,2
275,2012-2016,2012,2016,,,2
275,2017-2021,2017,2021,,,2
275,2022-2026,2022,2026,,,2
277,1997-2001,1997,2001,,,2
277,2002-2006,2002,2006,,,2
277,2007-2011,2007,2011,,,2
277,2012-2016,2012,2016,,,2
277,2017-2021,2017,2021,,,2
277,2022-2026,2022,2026,,,2
279,1997-2001,1997,2001,,,2
279,2002-2006,2002,2006,,,2
279,2007-2011,2007,2011,,,2
279,2012-2016,2012,2016,,,2
279,2017-2021,2017,2021,,,2
279,2022-2026,2022,2026,,,2
281,1997-2001,1997,2001,,,2
281,2002-2006,2002,2006,,,2
281,2007-2011,2007,2011,,,2
281,2012-2016,2012,2016,,,2
281,2017-2021,2017,2021,,,2
281,2022-2026,2022,2026,,,2
283,1997-2001,1997,2001,,,2
283,2002-2006,2002,2006,,,2
283,2012-2016,2012,2016,,,2
283,2017-2021,2017,2021,,,2
283,2022-2026,2022,2026,,,2
285,1997-2001,1997,2001,,,2
285,2002-2006,2002,2006,,,2
285,2007-2011,2007,2011,,,2
285,2012-2016,2012,2016,,,2
285,2017-2021,2017,2021,,,2
285,2022-2026,2022,2026,,,2
287,1997-2001,1997,2001,,,2
287,2002-2006,2002,2006,,,2
287,2007-2011,2007,2011,,,2
287,2012-2016,2012,2016,,,2
287,2017-2021,2017,2021,,,2
287,2022-2026,2022,2026,,,2
289,1997-2001,1997,2001,,,2
289,2002-2006,2002,2006,,,2
289,2007-2011,2007,2011,,,2
289,2012-2016,2012,2016,,,2
289,2017-2021,2017,2021,,,2
289,2022-2026,2022,2026,,,2
291,2002-2006,2002,2006,,,2
291,2012-2016,2012,2016,,,2
291,2017-2021,2017,2021,,,2
291,2022-2026,2022,2026,,,2
293,1997-2001,1997,2001,,,2
293,2002-2006,2002,2006,,,2
293,2007-2011,2007,2011,,,2
293,2012-2016,2012,2016,,,2
293,2017-2021,2017,2021,,,2
293,2022-2026,2022,2026,,,2
295,1997-2001,1997,2001,,,2
295,2002-2006,2002,2006,,,2
295,2007-2011,2007,2011,,,2
295,2012-2016,2012,2016,,,2
295,2017-2021,2017,2021,,,2
295,2022-2026,2022,2026,,,2
297,1997-2001,1997,2001,,,2
297,2002-2006,2002,2006,,,2
297,2007-2011,2007,2011,,,2
297,2012-2016,2012,2016,,,2
297,2017-2021,2017,2021,,,2
297,2022-2026,2022,2026,,,2
299,1997-2001,1997,2001,,,2
299,2002-2006,2002,2006,,,2
299,2007-2011,2007,2011,,,2
299,2012-2016,2012,2016,,,2
299,2017-2021,2017,2021,,,2
299,2022-2026,2022,2026,,,2
301,2022-2026,2022,2026,,,2
303,1997-2001,1997,2001,,,2
303,2002-2006,2002,2006,,,2
303,2012-2016,2012,2016,,,2
303,2017-2021,2017,2021,,,2
305,1997-2001,1997,2001,,,2
305,2002-2006,2002,2006,,,2
305,2007-2011,2007,2011,,,2
305,2012-2016,2012,2016,,,2
305,2017-2021,2017,2021,,,2
305,2022-2026,2022,2026,,,2
307,1997-2001,1997,2001,,,2
307,2002-2006,2002,2006,,,2
307,2007-2011,2007,2011,,,2
307,2012-2016,2012,2016,,,2
307,2017-2021,2017,2021,,,2
309,1997-2001,1997,2001,,,2
309,2002-2006,2002,2006,,,2
309,2007-2011,2007,2011,,,2
309,2012-2016,2012,2016,,,2
309,2017-2021,2017,2021,,,2
309,2022-2026,2022,2026,,,2
311,1997-2001,1997,2001,,,2
311,2002-2006,2002,2006,,,2
311,2007-2011,2007,2011,,,2
311,2012-2016,2012,2016,,,2
311,2017-2021,2017,2021,,,2
311,2022-2026,2022,2026,,,2
315,1997-2001,1997,2001,,,2
315,2002-2006,2002,2006,,,2
315,2007-2011,2007,2011,,,2
315,2012-2016,2012,2016,,,2
315,2017-2021,2017,2021,,,2
315,2022-2026,2022,2026,,,2
317,1997-2001,1997,2001,,,2
317,2002-2006,2002,2006,,,2
317,2007-2011,2007,2011,,,2
317,2012-2016,2012,2016,,,2
317,2017-2021,2017,2021,,,2
317,2022-2026,2022,2026,,,2
319,1997-2001,1997,2001,,,2
319,2002-2006,2002,2006,,,2
319,2007-2011,2007,2011,,,2
319,2012-2016,2012,2016,,,2
319,2017-2021,2017,2021,,,2
319,2022-2026,2022,2026,,,2
321,1997-2001,1997,2001,,,2
321,2002-2006,2002,2006,,,2
321,2007-2011,2007,2011,,,2
321,2012-2016,2012,2016,,,2
321,2017-2021,2017,2021,,,2
321,2022-2026,2022,2026,,,2
